{
  "block_time": {
    "mean": 665042.6,
    "stdev": 374562.4732540265
  },
  "comm_cost": {
    "mean": 8532549591.8,
    "stdev": 958236570.6577872
  }
}