{
  "block_time": {
    "mean": 963807.6,
    "stdev": 1897283.0241309213
  },
  "comm_cost": {
    "mean": 5162482529.6,
    "stdev": 715512773.8758832
  }
}