{
  "block_time": {
    "mean": 320732.8,
    "stdev": 170941.73645843973
  },
  "comm_cost": {
    "mean": 5308961242.333333,
    "stdev": 583666437.3675283
  }
}