{
  "block_time": {
    "mean": 421707.23333333334,
    "stdev": 106383.8393599433
  },
  "comm_cost": {
    "mean": 7732642775.933333,
    "stdev": 796271845.432366
  }
}