{
  "block_time": {
    "mean": 253031.96666666667,
    "stdev": 84573.90758708556
  },
  "comm_cost": {
    "mean": 4293726551.866667,
    "stdev": 808379854.1288258
  }
}