{
  "block_time": {
    "mean": 329521.36666666664,
    "stdev": 186063.52680007496
  },
  "comm_cost": {
    "mean": 27254355273.066666,
    "stdev": 5236857749.365987
  }
}