{
  "block_time": {
    "mean": 711708.6333333333,
    "stdev": 312552.5671801714
  },
  "comm_cost": {
    "mean": 17352601009.666668,
    "stdev": 2827945904.0394096
  }
}