{
  "block_time": {
    "mean": 182036.06666666668,
    "stdev": 100348.38358602938
  },
  "comm_cost": {
    "mean": 3080241876.133333,
    "stdev": 845738641.3801154
  }
}