{
  "block_time": {
    "mean": 1090179.8,
    "stdev": 464375.1309803602
  },
  "comm_cost": {
    "mean": 8649331962.933332,
    "stdev": 1075975405.302044
  }
}