{
  "block_time": {
    "mean": 714521.7,
    "stdev": 861804.1802284089
  },
  "comm_cost": {
    "mean": 5475907666.733334,
    "stdev": 1268234923.7829719
  }
}