N,f=5_F=5,f=5_F=5_err,f=7_F=7,f=7_F=7_err
500,222.3755,124.32507926225773,,
1000,371.033,202.603526566461,329.52136666666667,186.06352680007495
1500,356.17016666666666,121.89274254505703,383.6418333333333,55.96356123010361
2000,552.2319,329.6043251933142,,
2500,872.1966,485.0375907749213,,
