{
  "block_time": {
    "mean": 506637.4,
    "stdev": 186016.4923958984
  },
  "comm_cost": {
    "mean": 7133777884.8,
    "stdev": 899137343.1437275
  }
}