{
  "block_time": {
    "mean": 530287.9333333333,
    "stdev": 885310.3026297778
  },
  "comm_cost": {
    "mean": 4759723836.066667,
    "stdev": 669754189.1367259
  }
}