{
  "block_time": {
    "mean": 540480.2,
    "stdev": 321123.9350962387
  },
  "comm_cost": {
    "mean": 8484543078.6,
    "stdev": 1441673227.258373
  }
}