{
  "block_time": {
    "mean": 480461.93333333335,
    "stdev": 151847.8787898014
  },
  "comm_cost": {
    "mean": 8239530535.4,
    "stdev": 862848700.5836343
  }
}