{
  "block_time": {
    "mean": 75068.13333333333,
    "stdev": 24119.629488908453
  },
  "comm_cost": {
    "mean": 1213554090,
    "stdev": 185246715.49542078
  }
}