{
  "block_time": {
    "mean": 1047404.4,
    "stdev": 503694.10218627733
  },
  "comm_cost": {
    "mean": 9279400146.733334,
    "stdev": 1083707334.9607887
  }
}