{
  "block_time": {
    "mean": 872196.6,
    "stdev": 485037.5907749213
  },
  "comm_cost": {
    "mean": 61745299401.46667,
    "stdev": 10951511742.495913
  }
}