{
  "block_time": {
    "mean": 372235.86666666664,
    "stdev": 116628.59821136876
  },
  "comm_cost": {
    "mean": 5071049734.333333,
    "stdev": 887040804.8491793
  }
}