{
  "block_time": {
    "mean": 817275.2333333333,
    "stdev": 524261.83062829287
  },
  "comm_cost": {
    "mean": 8422142132.533334,
    "stdev": 888857522.582326
  }
}