{
  "block_time": {
    "mean": 288581.13333333336,
    "stdev": 29950.293693310516
  },
  "comm_cost": {
    "mean": 6471912676.066667,
    "stdev": 472616039.52127385
  }
}