{
  "block_time": {
    "mean": 371033.0,
    "stdev": 202603.526566461
  },
  "comm_cost": {
    "mean": 20238811274.8,
    "stdev": 4450999688.691854
  }
}