{
  "block_time": {
    "mean": 298510.6,
    "stdev": 113563.64082900829
  },
  "comm_cost": {
    "mean": 6030363025.133333,
    "stdev": 773967772.2439052
  }
}