{
  "block_time": {
    "mean": 385489.43333333335,
    "stdev": 142562.12491552197
  },
  "comm_cost": {
    "mean": 7489683065.666667,
    "stdev": 734376651.0696275
  }
}