{
  "block_time": {
    "mean": 240383.16666666666,
    "stdev": 27126.668318382846
  },
  "comm_cost": {
    "mean": 5078496367.6,
    "stdev": 404879936.94926906
  }
}