{
  "block_time": {
    "mean": 221753.06666666668,
    "stdev": 90246.33613336088
  },
  "comm_cost": {
    "mean": 3767568139.5333333,
    "stdev": 712932795.6815195
  }
}