{
  "block_time": {
    "mean": 363323.3,
    "stdev": 168145.19567056722
  },
  "comm_cost": {
    "mean": 6298949843.533334,
    "stdev": 562245154.2794619
  }
}