{
  "block_time": {
    "mean": 299844.2,
    "stdev": 157539.16818332303
  },
  "comm_cost": {
    "mean": 3854942745,
    "stdev": 334596101.93986815
  }
}