{
  "block_time": {
    "mean": 213692.83333333334,
    "stdev": 96231.31169334761
  },
  "comm_cost": {
    "mean": 3961926424.6666665,
    "stdev": 1158593516.7007535
  }
}