{
  "block_time": {
    "mean": 551679.1333333333,
    "stdev": 447339.89641518553
  },
  "comm_cost": {
    "mean": 5387214673.533334,
    "stdev": 988693136.5268664
  }
}