{
  "block_time": {
    "mean": 212116.66666666666,
    "stdev": 153685.2056344035
  },
  "comm_cost": {
    "mean": 2446083486.266667,
    "stdev": 725598745.928823
  }
}