{
  "block_time": {
    "mean": 1273034.4333333333,
    "stdev": 557560.3138705523
  },
  "comm_cost": {
    "mean": 10273361372.933332,
    "stdev": 1015336554.2080381
  }
}