{
  "block_time": {
    "mean": 352857.0333333333,
    "stdev": 98504.20076549471
  },
  "comm_cost": {
    "mean": 7197220951.533334,
    "stdev": 1443096632.3245142
  }
}