{
  "block_time": {
    "mean": 1020106.3333333334,
    "stdev": 436948.5332863459
  },
  "comm_cost": {
    "mean": 8976697930.133333,
    "stdev": 1004969083.2957228
  }
}