{
  "block_time": {
    "mean": 189769.06666666668,
    "stdev": 16846.60860021651
  },
  "comm_cost": {
    "mean": 3287751411.866667,
    "stdev": 156947594.47299585
  }
}