{
  "block_time": {
    "mean": 222375.5,
    "stdev": 124325.07926225773
  },
  "comm_cost": {
    "mean": 8945465588.133333,
    "stdev": 1304374409.7097805
  }
}