{
  "block_time": {
    "mean": 108529.66666666667,
    "stdev": 115522.6059552367
  },
  "comm_cost": {
    "mean": 965669085.8666667,
    "stdev": 207440801.0318786
  }
}