{
  "block_time": {
    "mean": 552231.9,
    "stdev": 329604.3251933142
  },
  "comm_cost": {
    "mean": 43923814346.666664,
    "stdev": 10266073678.340757
  }
}