{
  "block_time": {
    "mean": 283304.36666666664,
    "stdev": 119246.6057865613
  },
  "comm_cost": {
    "mean": 5548531924.266666,
    "stdev": 503154155.79766697
  }
}