{
  "block_time": {
    "mean": 450576.63333333336,
    "stdev": 175115.73526722897
  },
  "comm_cost": {
    "mean": 7528147917.666667,
    "stdev": 859093921.6939389
  }
}