{
  "block_time": {
    "mean": 375915.0,
    "stdev": 224281.66406091544
  },
  "comm_cost": {
    "mean": 3187898527.866667,
    "stdev": 357708400.3245329
  }
}