{
  "block_time": {
    "mean": 838276.1666666666,
    "stdev": 351908.5761141979
  },
  "comm_cost": {
    "mean": 7477513429.933333,
    "stdev": 603690796.9328147
  }
}