{
  "block_time": {
    "mean": 496864.76666666666,
    "stdev": 893123.4047948781
  },
  "comm_cost": {
    "mean": 3509235797.6666665,
    "stdev": 563843659.5480599
  }
}