{
  "block_time": {
    "mean": 279030.3333333333,
    "stdev": 208654.46850248752
  },
  "comm_cost": {
    "mean": 3003411493.9333334,
    "stdev": 329708134.96925604
  }
}