{
  "block_time": {
    "mean": 112656.33333333333,
    "stdev": 113379.75822939276
  },
  "comm_cost": {
    "mean": 1091068923.6666667,
    "stdev": 176065005.7235814
  }
}