{
  "block_time": {
    "mean": 376426.93333333335,
    "stdev": 140075.9637214592
  },
  "comm_cost": {
    "mean": 5179389705.933333,
    "stdev": 1213415523.6155362
  }
}