{
  "block_time": {
    "mean": 104580.93333333333,
    "stdev": 37909.55595047536
  },
  "comm_cost": {
    "mean": 1349972503.2,
    "stdev": 216570658.9548337
  }
}