{
  "block_time": {
    "mean": 307701.0333333333,
    "stdev": 155772.93050104124
  },
  "comm_cost": {
    "mean": 3792681464.0666666,
    "stdev": 826216978.9243566
  }
}