{
  "block_time": {
    "mean": 280493.4666666667,
    "stdev": 120527.86917506764
  },
  "comm_cost": {
    "mean": 9751371919.8,
    "stdev": 2284129035.253857
  }
}