{
  "block_time": {
    "mean": 63672.833333333336,
    "stdev": 31225.9949783652
  },
  "comm_cost": {
    "mean": 723830854.2,
    "stdev": 95609611.2296556
  }
}