{
  "block_time": {
    "mean": 165597.76666666666,
    "stdev": 104617.9801185989
  },
  "comm_cost": {
    "mean": 4125743747.4666667,
    "stdev": 1899061833.3423195
  }
}