{
  "block_time": {
    "mean": 371646.73333333334,
    "stdev": 124649.4182509311
  },
  "comm_cost": {
    "mean": 9800424667.2,
    "stdev": 875897735.6790395
  }
}