{
  "block_time": {
    "mean": 159403.6,
    "stdev": 143468.05630292758
  },
  "comm_cost": {
    "mean": 1605641851.8666666,
    "stdev": 409316669.826432
  }
}