{
  "block_time": {
    "mean": 419486.93333333335,
    "stdev": 163172.2780417338
  },
  "comm_cost": {
    "mean": 8262418675.466666,
    "stdev": 1431007606.8435795
  }
}