{
  "block_time": {
    "mean": 476257.1,
    "stdev": 369336.74479843816
  },
  "comm_cost": {
    "mean": 6828934857.733334,
    "stdev": 818804207.1066718
  }
}