{
  "block_time": {
    "mean": 257528.93333333332,
    "stdev": 115672.70806430049
  },
  "comm_cost": {
    "mean": 4034508380.3333335,
    "stdev": 731493859.9689258
  }
}