{
  "block_time": {
    "mean": 496070.5,
    "stdev": 366343.7471248827
  },
  "comm_cost": {
    "mean": 11485527093.2,
    "stdev": 1884157302.5422559
  }
}