{
  "block_time": {
    "mean": 181582.6,
    "stdev": 101013.74255420234
  },
  "comm_cost": {
    "mean": 2622733322.6666665,
    "stdev": 682420561.7644404
  }
}