{
  "block_time": {
    "mean": 193473.23333333334,
    "stdev": 128410.125565817
  },
  "comm_cost": {
    "mean": 7835235961.733334,
    "stdev": 1068024813.5919544
  }
}