{
  "block_time": {
    "mean": 101519.86666666667,
    "stdev": 18779.20824783504
  },
  "comm_cost": {
    "mean": 2056803246.2666667,
    "stdev": 144620864.13723174
  }
}