{
  "block_time": {
    "mean": 308551.9666666667,
    "stdev": 202447.47781407952
  },
  "comm_cost": {
    "mean": 4133258106,
    "stdev": 424202241.24629486
  }
}