{
  "block_time": {
    "mean": 202530.63333333333,
    "stdev": 128284.71526900191
  },
  "comm_cost": {
    "mean": 2641955507.6,
    "stdev": 297476019.44152987
  }
}