{
  "block_time": {
    "mean": 215532.93333333332,
    "stdev": 128388.34776319157
  },
  "comm_cost": {
    "mean": 2810349486.866667,
    "stdev": 892737253.7636453
  }
}