{
  "block_time": {
    "mean": 254618.6,
    "stdev": 16915.45783516761
  },
  "comm_cost": {
    "mean": 4156354738.266667,
    "stdev": 152973777.71559405
  }
}