{
  "block_time": {
    "mean": 579774.6,
    "stdev": 214628.97674399265
  },
  "comm_cost": {
    "mean": 10778067982.533333,
    "stdev": 1198412423.4221408
  }
}