{
  "block_time": {
    "mean": 434422.0,
    "stdev": 197317.7485993932
  },
  "comm_cost": {
    "mean": 7231348169.866667,
    "stdev": 876513863.4210159
  }
}