{
  "block_time": {
    "mean": 383641.8333333333,
    "stdev": 55963.56123010361
  },
  "comm_cost": {
    "mean": 42185167314.73333,
    "stdev": 6180597927.312334
  }
}