{
  "block_time": {
    "mean": 154380.7,
    "stdev": 140073.15714985033
  },
  "comm_cost": {
    "mean": 8814243979,
    "stdev": 6061428853.418526
  }
}