{
  "block_time": {
    "mean": 234965.56666666668,
    "stdev": 132563.10683316918
  },
  "comm_cost": {
    "mean": 3850127625,
    "stdev": 329499156.4643876
  }
}