{
  "block_time": {
    "mean": 353492.8333333333,
    "stdev": 97048.88198594676
  },
  "comm_cost": {
    "mean": 14771772928.533333,
    "stdev": 2699512986.2923923
  }
}