{
  "block_time": {
    "mean": 337616.23333333334,
    "stdev": 156635.65296241536
  },
  "comm_cost": {
    "mean": 3588912127.6,
    "stdev": 519674425.19277054
  }
}