{
  "block_time": {
    "mean": 319564.3333333333,
    "stdev": 201306.75164804803
  },
  "comm_cost": {
    "mean": 4363375093,
    "stdev": 475442142.4681127
  }
}