{
  "block_time": {
    "mean": 228197.2,
    "stdev": 126307.67842742843
  },
  "comm_cost": {
    "mean": 3044589415.4666667,
    "stdev": 933678655.7682505
  }
}