{
  "block_time": {
    "mean": 513173.0333333333,
    "stdev": 195061.79264013295
  },
  "comm_cost": {
    "mean": 7686314467,
    "stdev": 1025147867.8345577
  }
}