{
  "block_time": {
    "mean": 330032.63333333336,
    "stdev": 141506.07340764173
  },
  "comm_cost": {
    "mean": 6339490163.6,
    "stdev": 1934874093.3939364
  }
}