{
  "block_time": {
    "mean": 417856.6666666667,
    "stdev": 385487.6264150669
  },
  "comm_cost": {
    "mean": 5845646877.266666,
    "stdev": 721557983.5714246
  }
}