{
  "block_time": {
    "mean": 119300.2,
    "stdev": 111515.3699020603
  },
  "comm_cost": {
    "mean": 1450235524.2666667,
    "stdev": 282454559.7163385
  }
}