{
  "block_time": {
    "mean": 2080997.9333333333,
    "stdev": 2102058.788186825
  },
  "comm_cost": {
    "mean": 10101826693.8,
    "stdev": 1117440191.516817
  }
}