{
  "block_time": {
    "mean": 324475.56666666665,
    "stdev": 123852.76401879595
  },
  "comm_cost": {
    "mean": 4434669953,
    "stdev": 1284232820.5818343
  }
}