{
  "block_time": {
    "mean": 404351.06666666665,
    "stdev": 185769.1121505283
  },
  "comm_cost": {
    "mean": 6789603968.666667,
    "stdev": 760781446.432824
  }
}