{
  "block_time": {
    "mean": 234064.13333333333,
    "stdev": 173126.8773129952
  },
  "comm_cost": {
    "mean": 1922924000.2,
    "stdev": 412996565.8348704
  }
}