{
  "block_time": {
    "mean": 231082.43333333332,
    "stdev": 127327.39829233752
  },
  "comm_cost": {
    "mean": 3559704522.266667,
    "stdev": 328221499.1613985
  }
}