{
  "block_time": {
    "mean": 564740.6,
    "stdev": 238737.664926742
  },
  "comm_cost": {
    "mean": 7740604577.333333,
    "stdev": 787544229.3700099
  }
}