{
  "block_time": {
    "mean": 540441.0333333333,
    "stdev": 838315.6996467474
  },
  "comm_cost": {
    "mean": 4749670057.2,
    "stdev": 1423983905.8180356
  }
}