{
  "block_time": {
    "mean": 437228.63333333336,
    "stdev": 136332.99790702012
  },
  "comm_cost": {
    "mean": 4458452608.4,
    "stdev": 609386607.6289139
  }
}