{
  "block_time": {
    "mean": 168884.3,
    "stdev": 138076.16270218405
  },
  "comm_cost": {
    "mean": 2331112904.266667,
    "stdev": 468004945.21641487
  }
}