{
  "block_time": {
    "mean": 356170.1666666667,
    "stdev": 121892.74254505703
  },
  "comm_cost": {
    "mean": 33547390109.933334,
    "stdev": 4715235599.991391
  }
}