{
  "block_time": {
    "mean": 171735.66666666666,
    "stdev": 137636.1587841493
  },
  "comm_cost": {
    "mean": 2140431591.7333333,
    "stdev": 497057929.8516207
  }
}