{
  "block_time": {
    "mean": 1390332.6666666667,
    "stdev": 3883056.326246138
  },
  "comm_cost": {
    "mean": 7061315914.866667,
    "stdev": 2419375823.3517885
  }
}