{
  "block_time": {
    "mean": 274185.3,
    "stdev": 104602.1457816553
  },
  "comm_cost": {
    "mean": 5367102338.6,
    "stdev": 952151744.4075897
  }
}