{
  "block_time": {
    "mean": 94389.2,
    "stdev": 20767.80033914682
  },
  "comm_cost": {
    "mean": 1791201494.8666666,
    "stdev": 117686027.97253992
  }
}