{
  "block_time": {
    "mean": 475169.3333333333,
    "stdev": 392151.1582421872
  },
  "comm_cost": {
    "mean": 6023877666.066667,
    "stdev": 915356326.7177384
  }
}