{
  "block_time": {
    "mean": 1099344.9,
    "stdev": 524803.4359094587
  },
  "comm_cost": {
    "mean": 9684574697.733334,
    "stdev": 649458656.0902961
  }
}