{
  "block_time": {
    "mean": 322632.5,
    "stdev": 148187.12556269296
  },
  "comm_cost": {
    "mean": 4515428806.733334,
    "stdev": 1081578436.9686859
  }
}