{
  "block_time": {
    "mean": 266752.76666666666,
    "stdev": 123796.61358977295
  },
  "comm_cost": {
    "mean": 4612340680.8,
    "stdev": 457683420.157521
  }
}